<?xml version="1.0" encoding="UTF-8"?>
<project-private xmlns="http://www.netbeans.org/ns/project-private/1">
    <editor-bookmarks xmlns="http://www.netbeans.org/ns/editor-bookmarks/2" lastBookmarkId="0"/>
    <open-files xmlns="http://www.netbeans.org/ns/projectui-open-files/2">
        <group>
            <file>file:/C:/Users/creng/Documents/NetBeansProjects/POOC10_1/src/pooc10_1/Factura.java</file>
            <file>file:/C:/Users/creng/Documents/NetBeansProjects/POOC10_1/src/pooc10_1/Exceptie.java</file>
            <file>file:/C:/Users/creng/Documents/NetBeansProjects/POOC10_1/src/pooc10_1/Program2.java</file>
            <file>file:/C:/Users/creng/Documents/NetBeansProjects/POOC10_1/src/pooc10_1/ManagerVanzare.java</file>
            <file>file:/C:/Users/creng/Documents/NetBeansProjects/POOC10_1/src/pooc10_1/TestScanner.java</file>
            <file>file:/C:/Users/creng/Documents/NetBeansProjects/POOC10_1/src/pooc10_1/SpecificatieProdus.java</file>
            <file>file:/C:/Users/creng/Documents/NetBeansProjects/POOC10_1/src/pooc10_1/ManagerFacturi.java</file>
            <file>file:/C:/Users/creng/Documents/NetBeansProjects/POOC10_1/src/pooc10_1/Articol.java</file>
            <file>file:/C:/Users/creng/Documents/NetBeansProjects/POOC10_1/src/pooc10_1/ManagerArticole.java</file>
            <file>file:/C:/Users/creng/Documents/NetBeansProjects/POOC10_1/src/pooc10_1/TestManagerArticole.java</file>
        </group>
    </open-files>
</project-private>
