<?xml version="1.0" encoding="UTF-8"?>
<project-private xmlns="http://www.netbeans.org/ns/project-private/1">
    <editor-bookmarks xmlns="http://www.netbeans.org/ns/editor-bookmarks/2" lastBookmarkId="0"/>
    <open-files xmlns="http://www.netbeans.org/ns/projectui-open-files/2">
        <group>
            <file>file:/C:/Users/creng/Documents/NetBeansProjects/Problema2Recapitulare/src/problema2recapitulare/Candidat.java</file>
            <file>file:/C:/Users/creng/Documents/NetBeansProjects/Problema2Recapitulare/src/problema2recapitulare/CandidatiFrame.java</file>
            <file>file:/C:/Users/creng/Documents/NetBeansProjects/Problema2Recapitulare/src/problema2recapitulare/CandidatNouFrame.java</file>
            <file>file:/C:/Users/creng/Documents/NetBeansProjects/Problema2Recapitulare/src/problema2recapitulare/CandidatComparator.java</file>
            <file>file:/C:/Users/creng/Documents/NetBeansProjects/Problema2Recapitulare/src/problema2recapitulare/NoteCandidatFrame.java</file>
            <file>file:/C:/Users/creng/Documents/NetBeansProjects/Problema2Recapitulare/src/problema2recapitulare/ColectieCandidati.java</file>
        </group>
    </open-files>
</project-private>
