<?xml version="1.0" encoding="UTF-8"?>
<project-private xmlns="http://www.netbeans.org/ns/project-private/1">
    <editor-bookmarks xmlns="http://www.netbeans.org/ns/editor-bookmarks/2" lastBookmarkId="0"/>
    <open-files xmlns="http://www.netbeans.org/ns/projectui-open-files/2">
        <group>
            <file>file:/C:/Users/creng/Documents/NetBeansProjects/Problema1Recapitulare/src/problema1recapitulare/CautaFisaFrame.java</file>
            <file>file:/C:/Users/creng/Documents/NetBeansProjects/Problema1Recapitulare/src/problema1recapitulare/Problema1Recapitulare.java</file>
            <file>file:/C:/Users/creng/Documents/NetBeansProjects/Problema1Recapitulare/src/problema1recapitulare/StergeFisaFrame.java</file>
            <file>file:/C:/Users/creng/Documents/NetBeansProjects/Problema1Recapitulare/src/problema1recapitulare/AgendaTelefonica.java</file>
            <file>file:/C:/Users/creng/Documents/NetBeansProjects/Problema1Recapitulare/src/problema1recapitulare/FereastraPrincipala.java</file>
            <file>file:/C:/Users/creng/Documents/NetBeansProjects/Problema1Recapitulare/src/problema1recapitulare/FiseFrame.java</file>
            <file>file:/C:/Users/creng/Documents/NetBeansProjects/Problema1Recapitulare/src/problema1recapitulare/FisaNouaFrame.java</file>
        </group>
    </open-files>
</project-private>
