<?xml version="1.0" encoding="UTF-8"?>
<project-private xmlns="http://www.netbeans.org/ns/project-private/1">
    <editor-bookmarks xmlns="http://www.netbeans.org/ns/editor-bookmarks/2" lastBookmarkId="0"/>
    <open-files xmlns="http://www.netbeans.org/ns/projectui-open-files/2">
        <group>
            <file>file:/C:/Users/creng/Documents/NetBeansProjects/POOC6_1/src/TestArticol.java</file>
            <file>file:/C:/Users/creng/Documents/NetBeansProjects/POOC6_1/src/Oras.java</file>
            <file>file:/C:/Users/creng/Documents/NetBeansProjects/POOC6_1/src/Tren.java</file>
            <file>file:/C:/Users/creng/Documents/NetBeansProjects/POOC6_1/src/SpecificatieProdus.java</file>
            <file>file:/C:/Users/creng/Documents/NetBeansProjects/POOC6_1/src/Articol.java</file>
            <file>file:/C:/Users/creng/Documents/NetBeansProjects/POOC6_1/src/Calatorie.java</file>
        </group>
    </open-files>
</project-private>
