<?xml version="1.0" encoding="UTF-8"?>
<project-private xmlns="http://www.netbeans.org/ns/project-private/1">
    <editor-bookmarks xmlns="http://www.netbeans.org/ns/editor-bookmarks/2" lastBookmarkId="0"/>
    <open-files xmlns="http://www.netbeans.org/ns/projectui-open-files/2">
        <group>
            <file>file:/C:/Users/creng/Documents/NetBeansProjects/POOC9_1/src/Articol.java</file>
            <file>file:/C:/Users/creng/Documents/NetBeansProjects/POOC9_1/src/Magazin.java</file>
            <file>file:/C:/Users/creng/Documents/NetBeansProjects/POOC9_1/src/ContEconomii.java</file>
            <file>file:/C:/Users/creng/Documents/NetBeansProjects/POOC9_1/src/ContBancar.java</file>
            <file>file:/C:/Users/creng/Documents/NetBeansProjects/POOC9_1/src/TestConturi.java</file>
            <file>file:/C:/Users/creng/Documents/NetBeansProjects/POOC9_1/src/Plata.java</file>
            <file>file:/C:/Users/creng/Documents/NetBeansProjects/POOC9_1/src/Vanzare.java</file>
            <file>file:/C:/Users/creng/Documents/NetBeansProjects/POOC9_1/src/Cautare.java</file>
            <file>file:/C:/Users/creng/Documents/NetBeansProjects/POOC9_1/src/CautareStatica.java</file>
            <file>file:/C:/Users/creng/Documents/NetBeansProjects/POOC9_1/src/Client.java</file>
            <file>file:/C:/Users/creng/Documents/NetBeansProjects/POOC9_1/src/Persoana.java</file>
            <file>file:/C:/Users/creng/Documents/NetBeansProjects/POOC9_1/src/TestCautareStatica.java</file>
            <file>file:/C:/Users/creng/Documents/NetBeansProjects/POOC9_1/src/TestCautare.java</file>
            <file>file:/C:/Users/creng/Documents/NetBeansProjects/POOC9_1/src/Proprietar.java</file>
            <file>file:/C:/Users/creng/Documents/NetBeansProjects/POOC9_1/src/SpecificatieProdus.java</file>
            <file>file:/C:/Users/creng/Documents/NetBeansProjects/POOC9_1/src/TestClient.java</file>
            <file>file:/C:/Users/creng/Documents/NetBeansProjects/POOC9_1/src/ContCurent.java</file>
        </group>
    </open-files>
</project-private>
